transaction_id	customer_id	amount	category	region	date	is_returned	payment_method
1	52	46.76797226997768	Clothing	South	2024-01-14	False	PayPal
2	93	14.009057440151285	Books	South	2024-03-02	False	Credit
3	15	34.482435153647366	Clothing	East	2024-02-09	False	Credit
4	72	20.04989116109669	Home	North	2024-02-01	False	PayPal
5	61	135.67210337608296	Clothing	East	2024-02-17	False	PayPal
6	21	0.37814449126439065	Books	West	2024-02-12	False	Credit
7	83	12.766087912883952	Clothing	West	2024-01-02	False	PayPal
8	87	22.734617938631178	Books	South	2024-01-16	False	Credit
9	75	33.452962006492285	Clothing	North	2024-03-21	False	PayPal
10	75	95.12925049380976	Books	North	2024-01-05	False	PayPal
11	88	4.599603889631214	Books	West	2024-02-10	False	Debit
12	24	81.96004511186973	Clothing	East	2024-04-20	False	PayPal
13	3	2.863105691493736	Home	South	2024-01-02	False	Debit
14	22	92.35748944811738	Electronics	East	2024-02-04	False	PayPal
15	53	2.650816681241397	Home	East	2024-01-19	False	Credit
16	2	0.9205463608533483	Clothing	East	2024-01-26	False	Credit
17	88	59.69476473254186	Home	North	2024-01-03	False	PayPal
18	30	294.90845192219217	Books	West	2024-01-02	False	PayPal
19	38	113.46247884509089	Electronics	North	2024-02-02	False	Credit
20	2	42.90090460833586	Clothing	West	2024-02-22	False	PayPal
21	64	124.68462447604279	Clothing	South	2024-02-15	False	Debit
22	60	0.2657050627731103	Clothing	South	2024-01-24	True	Debit
23	21	184.5784793542426	Electronics	East	2024-01-04	False	Debit
24	33	33.74069133713347	Books	West	2024-02-04	False	Debit
25	76	64.16813703398356	Clothing	West	2024-01-09	False	Debit
26	58	85.9797939722065	Home	West	2024-03-13	False	PayPal
27	22	63.373552596616314	Clothing	East	2024-02-24	False	PayPal
28	89	38.2898435079956	Clothing	East	2024-02-07	False	Debit
29	49	32.37232578258121	Clothing	South	2024-03-30	False	PayPal
30	91	91.1880733211721	Clothing	North	2024-01-01	False	PayPal
31	59	11.475536451175591	Books	West	2024-02-09	False	Debit
32	42	172.09169858141087	Home	West	2024-01-13	False	PayPal
33	92	62.05820856482537	Books	North	2024-03-11	False	PayPal
34	60	11.126370017355436	Home	West	2024-01-10	True	PayPal
35	80	66.63714581642228	Clothing	East	2024-02-08	False	Debit
36	15	37.734113299124175	Electronics	East	2024-03-04	False	PayPal
37	62	61.41841439243533	Books	West	2024-01-02	False	Credit
38	62	73.00339669340853	Electronics	East	2024-01-16	False	Credit
39	47	4.5668639890991365	Books	East	2024-02-13	False	Debit
40	62	35.27151109568893	Clothing	West	2024-01-19	True	Credit
41	51	134.42292557974952	Books	South	2024-01-10	False	Debit
42	55	19.330366363671633	Clothing	North	2024-01-08	False	Credit
43	64	45.05571118884053	Books	East	2024-01-05	False	Credit
44	3	23.040737352429286	Clothing	South	2024-02-28	False	Credit
45	51	30.281360766246408	Clothing	East	2024-01-26	False	Debit
46	7	39.77041609423742	Home	East	2024-01-03	False	Debit
47	21	39.80574804234198	Clothing	North	2024-01-15	False	PayPal
48	73	11.265448602956415	Home	East	2024-01-14	False	Debit
49	39	57.69116994413805	Clothing	North	2024-01-07	False	Credit
50	18	4.598534224900971	Electronics	North	2024-01-18	False	Credit
51	4	7.4728640047373025	Clothing	North	2024-01-13	False	Debit
52	89	0.13572902782280502	Electronics	South	2024-01-13	False	Debit
53	60	6.204296469208481	Electronics	West	2024-02-10	False	Debit
54	14	32.04350760979812	Clothing	South	2024-01-08	False	PayPal
55	9	46.5831492241062	Electronics	West	2024-01-31	False	Credit
56	90	79.06425975957416	Home	West	2024-01-26	False	PayPal
57	53	5.641598440905742	Books	North	2024-01-26	False	PayPal
58	2	95.09907582233771	Clothing	East	2024-02-02	False	Credit
59	84	68.5160361938668	Electronics	North	2024-01-24	False	Credit
60	92	26.25622611958711	Clothing	East	2024-03-04	False	Debit
61	60	135.10693574585358	Home	West	2024-02-03	False	Debit
62	71	235.13626470361513	Clothing	North	2024-01-24	True	PayPal
63	44	11.470772056346096	Clothing	East	2024-02-23	False	Debit
64	8	23.83961782700975	Electronics	South	2024-01-28	False	Debit
65	47	130.48909974899138	Home	East	2024-01-11	False	Credit
66	35	63.934198052789796	Books	North	2024-01-07	False	Credit
67	78	2.464483253076313	Books	South	2024-01-05	False	Debit
68	81	76.05177723407454	Electronics	East	2024-03-09	False	Credit
69	36	87.99585910061121	Clothing	East	2024-02-07	False	Debit
70	50	69.41520391552775	Electronics	East	2024-03-24	False	Credit
71	4	80.3563120502065	Electronics	East	2024-01-28	False	Credit
72	2	87.18638725659329	Electronics	East	2024-01-20	False	Credit
73	6	10.314628177693356	Clothing	South	2024-01-02	False	Credit
74	54	13.439204872617305	Home	West	2024-02-03	False	Debit
75	4	50.22312505476798	Electronics	South	2024-01-27	False	PayPal
76	54	119.2256327951139	Clothing	South	2024-05-18	False	Credit
77	93	19.00424018427205	Home	South	2024-01-09	True	Debit
78	63	44.37382827654926	Electronics	West	2024-01-23	True	Debit
79	18	57.43984622126169	Books	North	2024-02-01	False	Credit
80	90	30.06931015912525	Home	West	2024-02-01	False	PayPal
81	44	62.55015549744354	Electronics	South	2024-01-25	False	Credit
82	34	114.96325316592953	Home	East	2024-02-15	False	Debit
83	74	48.9218118189787	Home	East	2024-01-07	False	PayPal
84	62	38.802647518445035	Home	South	2024-02-08	False	Debit
85	14	28.87896764560181	Home	East	2024-01-30	False	Credit
86	95	43.07666689080561	Home	South	2024-03-08	False	PayPal
87	48	21.953353046899345	Home	East	2024-02-26	False	Debit
88	15	24.83644835767643	Electronics	West	2024-01-12	False	Debit
89	72	37.949124942184554	Books	North	2024-01-10	False	Debit
90	78	3.4470960887535553	Clothing	North	2024-04-29	False	Credit
91	87	13.004991920933783	Home	West	2024-01-23	False	PayPal
92	62	39.13711031816166	Clothing	West	2024-03-12	False	Credit
93	40	28.24017356073539	Electronics	South	2024-01-06	False	Credit
94	85	20.23445440791373	Home	South	2024-01-31	False	Credit
95	80	65.56846155397348	Books	South	2024-02-19	False	PayPal
96	82	59.16238754862179	Clothing	East	2024-03-29	False	Credit
97	53	9.119923587194666	Home	South	2024-01-13	False	Credit
98	24	105.44521296073974	Electronics	West	2024-02-08	False	Credit
99	26	34.2018032958241	Books	North	2024-01-24	False	Credit
100	89	67.63541911515311	Clothing	East	2024-01-02	False	Debit
101	60	42.56623025599514	Clothing	South	2024-02-05	False	Credit
102	41	303.58204153505704	Home	East	2024-02-05	False	Debit
103	29	69.79766696885962	Books	East	2024-03-21	False	Credit
104	15	61.37579935062598	Books	South	2024-01-21	False	PayPal
105	45	75.3828761758652	Books	East	2024-01-08	False	Debit
106	65	7.723335645016542	Books	North	2024-01-02	False	Debit
107	89	11.442024477837952	Electronics	West	2024-01-17	False	Debit
108	71	62.59937784936203	Books	West	2024-01-11	False	Debit
109	9	34.059101183302424	Clothing	North	2024-02-12	False	PayPal
110	88	70.25047853292008	Clothing	East	2024-01-14	False	Credit
111	1	5.4302905047028105	Electronics	South	2024-03-30	False	Debit
112	8	38.44543303319518	Clothing	East	2024-04-08	False	PayPal
113	88	23.806845213717253	Clothing	North	2024-01-30	False	Debit
114	63	30.532318144097246	Books	East	2024-03-20	True	Credit
115	11	46.31173448653624	Clothing	West	2024-02-12	False	Debit
116	81	34.886719030900224	Electronics	East	2024-01-24	True	PayPal
117	8	38.81129362923883	Books	North	2024-01-06	False	Credit
118	35	33.31138728781751	Home	West	2024-01-19	False	PayPal
119	35	26.29317109785001	Books	East	2024-01-25	False	Credit
120	33	73.89460774981427	Electronics	East	2024-02-29	False	Credit
121	5	0.6139070571852856	Books	West	2024-01-20	False	Credit
122	41	45.62025219800335	Books	South	2024-03-09	False	Debit
123	28	41.67892728957174	Electronics	West	2024-02-03	False	PayPal
124	7	62.97058922661344	Books	South	2024-01-05	False	PayPal
125	73	45.69335416140355	Electronics	North	2024-06-07	True	PayPal
126	72	87.66507575153679	Electronics	North	2024-01-23	False	Credit
127	12	159.80045679607395	Home	West	2024-01-15	False	Debit
128	34	20.967370432899845	Clothing	West	2024-02-02	True	Credit
129	33	12.896519329346232	Clothing	North	2024-01-04	True	PayPal
130	48	27.547398573253357	Books	South	2024-01-31	False	Debit
131	23	16.978925959569683	Books	North	2024-01-21	True	Debit
132	62	47.719138321087165	Home	West	2024-01-16	False	Debit
133	88	121.43713485738259	Home	North	2024-04-01	False	PayPal
134	37	7.4897868104215375	Home	West	2024-01-23	False	Debit
135	99	5.312189893830514	Electronics	West	2024-01-08	False	Debit
136	44	14.786756025717521	Home	North	2024-01-19	False	Credit
137	86	64.7488043850101	Home	South	2024-03-16	False	Credit
138	91	44.94254779112463	Books	East	2024-01-06	False	Debit
139	35	5.391102928803716	Home	North	2024-01-08	False	Debit
140	65	125.51154428087605	Electronics	East	2024-01-01	False	Credit
141	99	78.0525431714446	Electronics	North	2024-01-01	False	Credit
142	47	1.1645882072105163	Books	East	2024-02-23	False	Credit
143	78	52.68680455961323	Home	South	2024-02-09	False	PayPal
144	3	73.75555055422092	Home	South	2024-01-14	False	PayPal
145	1	23.45503143131086	Electronics	North	2024-02-05	False	Credit
146	5	3.570586480161854	Home	West	2024-01-16	False	Debit
147	90	4.023697746339365	Home	East	2024-04-01	True	Credit
148	14	5.504526787743592	Home	West	2024-04-12	False	PayPal
149	27	91.76664727412276	Clothing	West	2024-01-15	False	Debit
150	9	120.77996241174014	Books	West	2024-02-27	False	PayPal
151	79	6.551627685987414	Clothing	South	2024-02-14	False	Debit
152	15	13.453225300536998	Books	North	2024-01-12	True	PayPal
153	90	9.047355710689784	Electronics	North	2024-01-08	False	Debit
154	42	10.309459577495296	Home	South	2024-01-19	False	Debit
155	77	90.85102978785909	Books	South	2024-02-15	False	Debit
156	51	20.184315504512007	Clothing	North	2024-04-06	False	Debit
157	63	18.657950568014023	Home	West	2024-02-13	False	PayPal
158	96	12.899408036612684	Electronics	East	2024-02-27	False	PayPal
159	52	46.811203594411474	Books	East	2024-01-28	False	Debit
160	96	23.845829309196766	Books	East	2024-02-24	False	Debit
161	4	68.1776756417382	Books	West	2024-02-16	True	PayPal
162	94	11.507137456078535	Home	North	2024-01-15	False	Debit
163	23	77.50892020735708	Clothing	South	2024-01-25	False	Debit
164	15	46.281905607857915	Clothing	North	2024-02-19	False	Debit
165	43	6.067003348033725	Books	West	2024-01-02	True	Credit
166	29	26.764846276430372	Electronics	South	2024-02-19	False	Debit
167	36	99.578178572615	Electronics	West	2024-01-06	False	Credit
168	13	128.1716760151855	Clothing	East	2024-01-22	False	Debit
169	32	31.339901447563577	Electronics	East	2024-02-19	False	PayPal
170	71	32.77686687047855	Clothing	West	2024-01-09	False	Credit
171	59	125.32984453817507	Books	South	2024-01-09	False	Credit
172	86	44.2236445640353	Clothing	South	2024-01-16	False	Debit
173	28	1.6699116892815318	Clothing	North	2024-03-08	False	Debit
174	66	121.94857809027064	Books	East	2024-01-01	False	Credit
175	42	14.26600605329684	Electronics	North	2024-03-10	False	PayPal
176	45	43.093909917129025	Clothing	North	2024-01-06	False	PayPal
177	62	9.046924728957752	Clothing	West	2024-05-18	False	Debit
178	57	1.723317984032872	Books	West	2024-04-02	False	PayPal
179	6	18.660049722259302	Electronics	North	2024-01-21	True	PayPal
180	28	75.81917455297149	Clothing	East	2024-01-22	False	Debit
181	28	16.257926021660623	Books	West	2024-01-20	True	PayPal
182	44	12.42930002515979	Clothing	North	2024-01-31	False	Debit
183	84	11.956075102720611	Home	North	2024-01-03	False	Credit
184	30	36.19822801179697	Books	North	2024-01-01	False	Debit
185	62	185.53849696629098	Electronics	North	2024-01-02	False	Credit
186	75	30.7157822737962	Electronics	North	2024-01-18	False	Credit
187	92	40.74375334605165	Electronics	North	2024-01-10	False	PayPal
188	89	98.53187453073723	Electronics	West	2024-01-30	False	PayPal
189	62	38.29339089132745	Clothing	East	2024-05-26	False	PayPal
190	97	10.195416467392281	Clothing	North	2024-01-15	False	Debit
191	1	17.804892079464942	Electronics	South	2024-01-26	False	PayPal
192	27	18.548613718183493	Electronics	West	2024-01-17	False	Credit
193	62	25.318288805846002	Electronics	West	2024-02-26	False	PayPal
194	77	27.825061377864518	Clothing	North	2024-03-10	False	PayPal
195	3	80.4174308151978	Electronics	West	2024-03-03	False	Debit
196	70	21.492014106292036	Electronics	North	2024-04-19	True	Debit
197	72	31.577382618090155	Home	East	2024-01-01	False	Credit
198	27	49.0382610265661	Home	East	2024-02-24	False	Debit
199	9	23.718734215369693	Electronics	West	2024-02-11	False	PayPal
200	62	90.56693894052844	Books	West	2024-01-08	False	Debit
201	37	44.27033024740655	Electronics	South	2024-04-03	False	Credit
202	97	17.410166425350827	Home	West	2024-01-05	True	PayPal
203	51	62.59852409301341	Books	South	2024-02-04	False	Credit
204	44	37.501511866331015	Books	East	2024-01-08	False	Debit
205	24	38.227421556525805	Electronics	East	2024-01-17	False	Debit
206	79	32.80104337849837	Home	North	2024-02-08	False	Credit
207	59	34.359443213819105	Home	East	2024-01-25	False	PayPal
208	32	72.48435024541864	Books	South	2024-01-17	False	Debit
209	96	5.433938489562487	Electronics	West	2024-01-12	False	Debit
210	88	20.350525930288967	Clothing	North	2024-02-24	False	PayPal
211	52	3.92529333365425	Clothing	South	2024-01-05	False	Debit
212	62	69.96821423330417	Home	West	2024-01-17	False	Credit
213	58	15.893447618768478	Clothing	North	2024-03-11	False	Debit
214	52	113.86068910875895	Home	East	2024-02-26	False	Debit
215	12	37.38845481849859	Home	South	2024-01-16	True	PayPal
216	39	80.65969072211561	Home	West	2024-02-13	False	Credit
217	2	192.99865945168509	Clothing	North	2024-02-21	False	PayPal
218	3	91.56313526480886	Home	North	2024-03-06	False	Debit
219	56	100.86796173271854	Books	East	2024-01-24	False	Debit
220	81	26.211122708950185	Electronics	West	2024-01-07	False	PayPal
221	59	40.117151559315445	Electronics	East	2024-01-09	True	PayPal
222	2	14.644015598805765	Home	East	2024-01-11	False	PayPal
223	2	10.914834547940695	Electronics	West	2024-01-28	False	Credit
224	92	35.21120307633305	Clothing	West	2024-01-02	False	Debit
225	54	45.19945783605168	Clothing	West	2024-01-31	False	PayPal
226	87	20.72059401138112	Electronics	South	2024-01-14	False	Debit
227	96	42.13383811210001	Clothing	West	2024-01-11	True	Credit
228	97	109.2225426235336	Electronics	North	2024-03-04	False	Credit
229	1	40.677861477942315	Electronics	East	2024-01-19	False	Credit
230	19	63.79369078751611	Electronics	South	2024-01-03	False	Credit
231	2	81.81861217540576	Home	West	2024-02-22	False	Debit
232	53	224.27514391413683	Electronics	South	2024-01-02	True	Credit
233	44	46.21581783299176	Home	West	2024-02-08	False	Credit
234	90	82.21444805488075	Electronics	South	2024-02-14	True	PayPal
235	32	164.37020613601698	Electronics	East	2024-01-14	False	Credit
236	70	144.48735067402626	Electronics	East	2024-02-22	False	PayPal
237	32	7.604082266505974	Clothing	North	2024-01-22	False	Credit
238	68	26.07683147263391	Home	North	2024-01-19	False	Credit
239	55	19.57737502712597	Home	West	2024-01-02	False	PayPal
240	75	4.546863568288143	Electronics	East	2024-01-11	True	Credit
241	56	50.152485432919	Electronics	South	2024-03-21	False	Debit
242	17	66.57224637211866	Clothing	South	2024-01-15	False	Debit
243	38	94.23589233849931	Clothing	South	2024-01-24	False	Credit
244	24	6.549695860584737	Clothing	North	2024-01-23	False	Debit
245	69	104.55306992442885	Home	South	2024-01-27	False	PayPal
246	98	51.490550682724965	Home	North	2024-01-02	False	Credit
247	70	60.860693266513266	Home	North	2024-01-14	False	Credit
248	86	120.74515644153603	Electronics	West	2024-02-08	False	PayPal
249	11	49.009642250546676	Home	South	2024-01-07	False	PayPal
250	16	20.463556377238348	Books	South	2024-01-07	False	PayPal
251	97	87.17914078164766	Books	East	2024-01-01	False	Credit
252	73	22.553929125544947	Clothing	West	2024-01-18	False	PayPal
253	59	1.7413806110360714	Home	East	2024-03-05	False	PayPal
254	70	88.79071555137776	Books	West	2024-01-02	False	Debit
255	80	21.17067186732376	Clothing	South	2024-01-07	False	Debit
256	93	74.32441747060187	Home	North	2024-01-12	False	Credit
257	3	22.53028122253319	Electronics	North	2024-02-09	False	Debit
258	20	98.68854089797509	Books	North	2024-01-31	False	Debit
259	59	12.391701208342441	Electronics	North	2024-01-17	False	PayPal
260	36	183.54660419770318	Home	North	2024-02-12	False	PayPal
261	19	75.65159275433776	Books	East	2024-01-29	False	Debit
262	90	6.0653451926880635	Home	West	2024-03-08	False	Debit
263	67	41.70980883783708	Electronics	South	2024-02-21	False	Debit
264	19	211.22486826447692	Books	East	2024-01-09	False	Credit
265	20	31.844529193937614	Electronics	West	2024-01-10	False	Credit
266	96	10.051196375603535	Home	North	2024-01-05	False	Credit
267	71	33.15790579233518	Home	West	2024-01-13	False	Debit
268	52	35.91890662934657	Electronics	West	2024-08-18	False	Debit
269	33	67.67915175830406	Books	North	2024-01-16	False	Credit
270	40	60.006651478763665	Electronics	North	2024-01-08	False	Credit
271	39	25.75423768290705	Home	North	2024-02-13	False	Debit
272	82	12.296504404929372	Electronics	South	2024-01-24	False	PayPal
273	1	51.7895043207377	Home	North	2024-01-05	False	Credit
274	11	27.383465874770486	Electronics	South	2024-01-15	True	Debit
275	92	7.0940915272643315	Books	North	2024-01-17	False	Debit
276	57	115.41622722721381	Books	South	2024-02-12	False	PayPal
277	89	58.75661228756965	Electronics	West	2024-01-01	False	Debit
278	50	57.47168310752112	Electronics	East	2024-01-10	False	Debit
279	23	86.46286610482498	Books	West	2024-01-22	False	Credit
280	31	37.7151505292264	Home	West	2024-01-10	False	Credit
281	94	84.38468523861012	Books	North	2024-01-30	False	PayPal
282	42	34.4667979760125	Home	South	2024-01-20	False	PayPal
283	99	3.4769045715298486	Electronics	East	2024-01-14	False	Debit
284	7	25.980545752732986	Electronics	North	2024-03-30	False	Credit
285	16	34.40448893813034	Home	North	2024-01-31	False	PayPal
286	90	63.68447217495844	Electronics	North	2024-01-05	False	PayPal
287	60	5.634853128338272	Home	West	2024-01-25	False	PayPal
288	2	7.542222327442376	Clothing	South	2024-02-15	True	Debit
289	1	15.3047818263105	Books	South	2024-02-06	False	Credit
290	48	15.496274552071036	Clothing	East	2024-01-06	False	PayPal
291	12	65.87286306726111	Home	South	2024-04-17	True	Credit
292	69	14.43283806944411	Books	South	2024-01-18	False	PayPal
293	37	50.13303346206966	Home	North	2024-01-06	False	PayPal
294	32	34.08799810031283	Books	North	2024-01-06	False	Credit
295	9	42.583045688112485	Books	West	2024-01-04	False	Credit
296	99	91.04097141771929	Books	North	2024-02-18	False	Credit
297	19	25.90774600702631	Books	North	2024-01-04	False	Debit
298	48	73.68231752868158	Home	North	2024-01-05	False	PayPal
299	80	27.412189951089495	Books	North	2024-02-27	True	Debit
300	3	21.837834376423746	Books	West	2024-01-13	False	Credit
301	20	159.256553527704	Clothing	North	2024-01-01	False	PayPal
302	24	10.189779350859043	Electronics	East	2024-01-02	False	Debit
303	54	4.734051719658968	Electronics	East	2024-01-05	True	PayPal
304	33	73.69859083863787	Clothing	East	2024-01-08	False	Debit
305	24	3.534521219715773	Clothing	East	2024-02-02	False	Credit
306	75	90.72449005873231	Home	North	2024-01-06	False	Debit
307	72	28.740961012964494	Home	East	2024-01-04	False	PayPal
308	36	123.55828095813777	Home	North	2024-02-13	False	PayPal
309	38	63.922760991647195	Clothing	West	2024-02-03	False	PayPal
310	84	47.13233431293513	Clothing	East	2024-01-18	False	PayPal
311	99	149.0981720814074	Books	South	2024-01-24	False	Credit
312	89	25.262839017576518	Home	East	2024-01-12	False	Debit
313	99	154.05027977144246	Home	East	2024-01-20	True	Credit
314	25	7.251362441943532	Home	North	2024-01-22	True	Credit
315	93	33.058685375157495	Electronics	East	2024-01-15	False	Credit
316	18	15.72945695363022	Books	South	2024-03-12	False	PayPal
317	82	38.80935314559949	Home	North	2024-01-01	False	PayPal
318	66	8.83768696834995	Home	North	2024-02-15	False	PayPal
319	54	92.1093917234848	Home	West	2024-01-04	False	Debit
320	35	93.67272809413241	Electronics	West	2024-02-17	False	PayPal
321	80	155.31790100496733	Electronics	East	2024-01-29	True	Debit
322	61	8.401536396117153	Clothing	West	2024-02-25	False	PayPal
323	41	48.819628935131526	Books	West	2024-01-04	False	PayPal
324	33	32.14526626357529	Clothing	West	2024-01-25	False	Credit
325	68	21.108980928843465	Books	North	2024-01-21	False	Credit
326	33	21.65776032086906	Electronics	North	2024-02-06	False	Credit
327	14	26.61894092215098	Home	North	2024-01-23	True	Debit
328	21	61.02637902737548	Clothing	West	2024-01-24	True	Debit
329	48	45.600751569678195	Home	North	2024-01-17	False	PayPal
330	20	30.779826104959472	Clothing	West	2024-01-12	True	Debit
331	8	3.948557161879477	Electronics	North	2024-01-20	False	PayPal
332	7	4.047779015026521	Electronics	North	2024-01-04	False	Debit
333	67	0.11710656375811065	Electronics	South	2024-04-07	False	Debit
334	17	171.6334553987914	Clothing	East	2024-02-07	False	Debit
335	33	0.26338341970439155	Books	West	2024-04-01	False	Credit
336	48	5.440196649556823	Clothing	South	2024-01-08	False	Debit
337	76	18.887382296607218	Books	North	2024-03-04	False	Credit
338	59	82.36484313273505	Clothing	West	2024-02-19	False	Credit
339	86	163.63860647604406	Clothing	North	2024-02-03	False	Debit
340	22	78.03561580123133	Electronics	East	2024-01-30	False	PayPal
341	30	58.649590894955494	Home	South	2024-01-12	False	PayPal
342	38	36.834128840279845	Home	East	2024-02-20	False	PayPal
343	51	4.534828596375346	Books	South	2024-01-21	False	Debit
344	54	158.70802257437816	Home	North	2024-01-03	False	PayPal
345	8	71.02202070914859	Clothing	East	2024-01-12	False	Credit
346	27	50.93685618235077	Clothing	East	2024-03-23	False	PayPal
347	27	71.15535466148019	Electronics	North	2024-02-27	False	Debit
348	98	64.3864432393812	Electronics	East	2024-04-30	False	PayPal
349	21	50.6995304576741	Home	West	2024-01-30	False	Credit
350	30	197.06435301906654	Books	South	2024-01-09	False	Debit
351	97	116.84009987597514	Home	South	2024-01-06	False	PayPal
352	28	52.01692173307721	Home	South	2024-01-07	False	Debit
353	64	59.073920783821364	Home	West	2024-01-01	False	Debit
354	97	2.6487251655238966	Home	South	2024-01-15	False	Debit
355	69	55.42062741845676	Clothing	North	2024-01-07	False	PayPal
356	61	2.25852164519866	Books	East	2024-01-16	False	Debit
357	48	44.3686160729957	Clothing	West	2024-03-22	False	PayPal
358	19	367.1968344095054	Books	South	2024-01-17	False	Credit
359	4	40.57475920071192	Electronics	North	2024-03-04	False	PayPal
360	35	32.04767579909228	Home	East	2024-01-28	False	Credit
361	64	18.760486880621663	Clothing	East	2024-01-09	False	PayPal
362	49	6.421369371624394	Books	West	2024-01-14	False	Debit
363	17	65.65659506192625	Electronics	West	2024-01-03	False	PayPal
364	44	10.696743321712995	Electronics	West	2024-01-13	False	Debit
365	92	6.124317641784792	Home	North	2024-02-03	False	Credit
366	30	27.388543564441264	Books	North	2024-01-03	False	PayPal
367	93	79.32070969562777	Clothing	West	2024-01-07	False	Debit
368	46	68.33724478748522	Home	South	2024-01-15	False	Credit
369	6	2.8223070948703697	Clothing	East	2024-04-30	True	Credit
370	99	30.36165806734008	Electronics	East	2024-02-16	False	PayPal
371	37	36.95270574916594	Clothing	North	2024-02-09	False	Credit
372	24	51.7180631869369	Clothing	East	2024-01-04	True	Debit
373	93	52.51501914847696	Home	South	2024-02-15	True	Credit
374	46	22.682681060058275	Clothing	East	2024-02-16	False	Credit
375	53	41.12604074733103	Home	North	2024-01-28	True	Debit
376	95	32.79853198096581	Electronics	North	2024-05-19	False	Credit
377	99	108.140442980955	Home	South	2024-01-12	False	Credit
378	60	37.77934277191066	Home	South	2024-03-26	False	Credit
379	97	29.083167095770595	Books	East	2024-03-14	False	Credit
380	63	25.916472835082814	Clothing	East	2024-01-01	False	Debit
381	85	42.481601055005314	Electronics	North	2024-01-18	False	Credit
382	32	81.47615873061667	Home	South	2024-04-23	False	Debit
383	87	38.652989626066784	Electronics	South	2024-01-04	False	Credit
384	33	54.18448557359892	Books	South	2024-01-24	False	Credit
385	67	66.9430209352306	Clothing	East	2024-04-25	False	Credit
386	18	36.71597326693474	Home	South	2024-01-25	False	Credit
387	25	27.827517018524468	Clothing	North	2024-01-07	False	Debit
388	95	104.64270561513258	Books	North	2024-01-27	False	Debit
389	54	27.021826913995206	Books	East	2024-01-07	False	Debit
390	58	30.989524938298423	Electronics	West	2024-01-23	False	PayPal
391	67	231.99487983531827	Home	East	2024-01-03	False	Credit
392	46	0.011877589453837533	Electronics	West	2024-01-28	True	Credit
393	24	10.25737956524795	Books	South	2024-01-22	False	Debit
394	32	24.222484845326605	Clothing	East	2024-02-10	False	PayPal
395	47	134.84802802390337	Electronics	North	2024-01-30	False	Credit
396	86	3.630131750446429	Electronics	South	2024-01-24	True	Debit
397	23	0.47653534362049543	Clothing	North	2024-02-05	False	Credit
398	66	2.706119149492059	Electronics	South	2024-01-05	False	Credit
399	27	4.6355655732519505	Clothing	East	2024-01-28	False	Debit
400	2	1.9160880732981906	Home	West	2024-01-06	False	Debit
401	90	32.67530152633423	Clothing	South	2024-03-18	False	Credit
402	17	43.465253459471924	Home	West	2024-01-03	False	Credit
403	33	15.851216920354908	Clothing	South	2024-01-17	False	Debit
404	9	25.398766483785874	Books	North	2024-02-05	False	Credit
405	43	4.808991322997891	Books	North	2024-01-19	False	Credit
406	48	20.501560632879126	Home	South	2024-01-03	False	Debit
407	39	36.961565588691435	Home	West	2024-01-25	False	Credit
408	93	65.88915095194795	Books	East	2024-01-31	True	Credit
409	42	0.16759868174416612	Home	East	2024-02-06	False	PayPal
410	26	31.490853826120123	Clothing	North	2024-01-15	True	Debit
411	99	17.62012394326543	Clothing	East	2024-01-25	False	PayPal
412	50	95.80556644331563	Books	North	2024-01-18	False	PayPal
413	25	62.86047213730733	Electronics	East	2024-02-03	False	PayPal
414	24	44.47130867490238	Clothing	South	2024-01-27	False	Credit
415	13	16.23567728865771	Home	North	2024-01-23	False	Credit
416	60	120.58602626660719	Electronics	North	2024-01-09	False	PayPal
417	7	2.307468261586126	Electronics	South	2024-01-01	True	PayPal
418	57	5.796789568857452	Clothing	North	2024-01-06	True	PayPal
419	36	24.848613024440027	Clothing	East	2024-01-04	False	Credit
420	45	6.644440373292972	Electronics	East	2024-01-18	False	PayPal
421	20	156.65291146111073	Electronics	North	2024-01-29	True	PayPal
422	65	79.97173611508444	Books	East	2024-01-08	False	Debit
423	8	14.986562090840435	Home	West	2024-03-24	False	Debit
424	16	44.403902560116414	Books	North	2024-01-01	False	Credit
425	14	201.79580715258618	Clothing	South	2024-02-14	False	Debit
426	76	107.79409447282342	Books	West	2024-01-30	False	Debit
427	87	45.914442143727	Books	North	2024-01-15	False	Debit
428	15	117.02679357393122	Books	South	2024-01-02	False	Credit
429	92	226.34064402894808	Books	East	2024-01-30	False	Debit
430	98	68.00264945186912	Home	South	2024-01-15	False	Credit
431	66	3.3597107243336937	Home	West	2024-03-23	False	PayPal
432	32	25.673141275171822	Electronics	East	2024-01-24	False	Debit
433	87	90.95419068905217	Clothing	North	2024-03-25	False	Credit
434	63	13.105212640998703	Books	East	2024-01-08	False	Debit
435	86	88.78717592654691	Electronics	North	2024-02-08	False	PayPal
436	51	6.410920124137369	Electronics	North	2024-01-29	False	Credit
437	25	2.404151962320228	Electronics	South	2024-02-10	False	Credit
438	58	24.23277114225418	Home	South	2024-01-08	True	Credit
439	63	1.8711771976691063	Books	South	2024-02-02	False	PayPal
440	62	157.64300919405989	Books	West	2024-01-21	False	PayPal
441	22	87.49414194025213	Clothing	West	2024-02-10	False	PayPal
442	58	80.66468861829932	Books	South	2024-01-12	False	Credit
443	58	49.682612263910606	Books	West	2024-03-07	False	PayPal
444	86	12.18798193755001	Electronics	East	2024-01-03	False	Debit
445	49	36.51757453538804	Clothing	East	2024-02-19	False	PayPal
446	52	45.474951443369505	Books	West	2024-02-29	False	Credit
447	42	37.22533973735849	Home	West	2024-02-20	False	Debit
448	70	15.071025230883158	Books	East	2024-01-22	False	PayPal
449	15	36.205885144894516	Electronics	North	2024-01-18	False	Debit
450	54	33.783671076974784	Home	East	2024-06-16	False	Debit
451	60	280.4569322960533	Electronics	East	2024-01-08	False	Credit
452	97	113.86348642316145	Books	West	2024-01-24	False	Debit
453	8	31.12332321436137	Home	East	2024-02-03	True	Debit
454	53	48.767200615787395	Clothing	West	2024-02-06	False	Credit
455	60	68.89084068275511	Clothing	West	2024-01-07	False	Credit
456	5	1.774372853844074	Home	South	2024-02-01	False	Credit
457	68	112.65235148941785	Home	East	2024-02-21	False	Debit
458	6	98.35095492213792	Electronics	North	2024-01-02	False	Debit
459	96	30.572101800298444	Home	South	2024-03-13	False	Debit
460	94	24.81079060851736	Electronics	West	2024-01-01	False	Credit
461	47	15.938646124105569	Books	West	2024-01-14	False	PayPal
462	99	32.377804334409795	Electronics	North	2024-01-01	False	Debit
463	55	2.2695721540345475	Home	West	2024-01-03	False	PayPal
464	40	95.59257593492767	Home	East	2024-03-13	False	Credit
465	52	1.8032480468316217	Books	South	2024-01-14	False	Debit
466	16	19.95313477086502	Home	West	2024-01-17	False	PayPal
467	13	134.11143933070966	Home	West	2024-01-08	False	Debit
468	30	66.44141225235313	Clothing	North	2024-01-28	False	Debit
469	19	16.52189125844102	Clothing	East	2024-01-28	False	Debit
470	17	14.561022520765446	Books	West	2024-01-14	False	PayPal
471	63	0.2547548906063376	Electronics	North	2024-01-13	False	Credit
472	19	59.48940963919315	Clothing	West	2024-03-05	False	Debit
473	92	2.5006836554079235	Electronics	North	2024-01-15	True	Credit
474	58	38.028762356871994	Home	North	2024-01-21	False	Credit
475	55	163.66920433919597	Clothing	East	2024-01-10	False	PayPal
476	90	5.796860390325048	Books	West	2024-02-16	False	PayPal
477	90	112.44270581830989	Books	East	2024-01-16	False	Credit
478	62	238.2395784893735	Books	North	2024-01-22	True	Debit
479	23	3.1745282545278344	Clothing	South	2024-01-09	False	PayPal
480	9	107.23902732126378	Electronics	West	2024-05-11	False	Debit
481	12	36.29168254870607	Home	South	2024-01-11	False	Debit
482	1	118.49702927406433	Electronics	West	2024-02-14	False	Debit
483	58	42.35210454556722	Electronics	East	2024-01-17	False	Credit
484	1	54.252041463451185	Home	East	2024-01-07	False	Debit
485	34	39.23888680435324	Home	East	2024-02-18	False	Credit
486	96	99.93655480927774	Clothing	East	2024-01-13	False	Credit
487	48	66.19601884897996	Clothing	East	2024-03-01	False	Debit
488	89	36.82991392608497	Clothing	South	2024-03-15	False	Debit
489	1	101.30861557657622	Clothing	East	2024-02-28	False	Debit
490	16	14.070789484102452	Clothing	North	2024-01-02	False	Debit
491	61	8.559625334426608	Home	North	2024-02-16	False	Credit
492	64	8.741490824417466	Electronics	South	2024-01-16	False	Debit
493	63	20.323946998995932	Clothing	West	2024-03-03	False	Debit
494	69	13.6357343222338	Clothing	North	2024-01-31	True	Credit
495	22	133.02757960995072	Electronics	West	2024-02-23	False	PayPal
496	93	5.593197182651249	Clothing	South	2024-01-21	False	PayPal
497	67	60.030712203703416	Electronics	West	2024-01-23	False	Credit
498	76	10.4880215423116	Electronics	West	2024-01-05	True	PayPal
499	26	106.70001135464497	Home	West	2024-02-15	False	Credit
500	16	162.61554002671573	Books	West	2024-01-17	False	Debit
501	51	31.318371963865726	Home	South	2024-01-21	False	Debit
502	86	105.62778268157089	Books	North	2024-02-16	False	PayPal
503	57	0.257922636200837	Books	East	2024-01-28	False	Debit
504	29	85.72517841395107	Books	West	2024-01-07	False	PayPal
505	78	12.979042586981487	Clothing	North	2024-01-27	False	PayPal
506	92	119.68094158918976	Home	North	2024-01-16	False	Debit
507	69	0.056036963690825045	Books	South	2024-01-20	False	Debit
508	47	40.6170056747006	Electronics	North	2024-01-01	False	PayPal
509	94	70.65981038949944	Clothing	South	2024-01-08	False	Debit
510	62	14.96670678852503	Home	West	2024-01-10	False	Credit
511	69	10.729813219990787	Books	West	2024-02-07	False	Debit
512	76	4.392307600485594	Electronics	East	2024-01-01	True	Debit
513	16	19.75843318246302	Home	East	2024-01-16	False	Credit
514	90	41.031338949657695	Home	East	2024-03-18	False	Debit
515	90	6.156079967033821	Clothing	North	2024-01-04	False	Debit
516	48	23.635994706710466	Home	West	2024-01-22	True	PayPal
517	85	0.4556904766980622	Clothing	South	2024-02-16	True	Debit
518	39	85.37443284533319	Books	East	2024-03-26	False	Debit
519	33	6.874028624334835	Clothing	South	2024-02-11	False	Credit
520	94	16.657893140153426	Electronics	South	2024-02-08	False	PayPal
521	23	0.9299812153755881	Clothing	East	2024-02-22	False	PayPal
522	10	28.302893272109902	Electronics	West	2024-01-18	False	PayPal
523	69	91.66705721825954	Clothing	East	2024-02-19	False	Debit
524	34	24.891456549128065	Home	South	2024-01-01	False	PayPal
525	52	9.89190531645692	Books	East	2024-03-18	False	Credit
526	95	70.06001200039063	Electronics	South	2024-01-18	False	PayPal
527	10	77.74913928982883	Clothing	South	2024-01-25	False	Credit
528	19	9.543104697309818	Clothing	East	2024-01-09	False	PayPal
529	58	73.6698198835283	Clothing	North	2024-02-10	False	PayPal
530	96	147.15498766002065	Home	East	2024-01-03	False	Credit
531	1	9.098736063353858	Home	North	2024-03-02	False	PayPal
532	69	73.6982343108732	Electronics	South	2024-02-22	False	PayPal
533	4	61.64811588893958	Electronics	South	2024-01-08	False	PayPal
534	16	32.08221480822916	Home	North	2024-02-19	False	Debit
535	24	2.9832785598129137	Electronics	South	2024-02-16	False	Credit
536	80	3.8815618422796225	Books	North	2024-01-31	True	PayPal
537	2	95.66743444060198	Books	North	2024-01-15	False	Credit
538	92	231.00593172313268	Home	South	2024-01-10	False	Credit
539	32	56.35865319057466	Electronics	West	2024-01-08	False	Credit
540	91	29.52576684812447	Clothing	North	2024-01-12	False	PayPal
541	84	52.14567980041623	Books	East	2024-03-11	False	PayPal
542	24	45.118880887733745	Home	East	2024-01-03	False	Credit
543	12	24.193953303703307	Electronics	South	2024-02-22	False	Debit
544	50	3.3939323682995197	Home	West	2024-01-13	False	Credit
545	35	86.16196074443323	Clothing	South	2024-01-23	False	Debit
546	33	23.24750334057988	Books	West	2024-02-17	False	Credit
547	33	85.40373287953726	Home	North	2024-03-05	False	Credit
548	61	14.551633952727075	Home	North	2024-01-13	False	Credit
549	51	0.051500506199075	Home	North	2024-01-19	False	PayPal
550	43	8.654511838758163	Clothing	North	2024-01-17	False	Debit
551	12	31.606312266051635	Home	East	2024-01-01	False	Debit
552	67	144.39201968722315	Clothing	East	2024-01-11	False	Credit
553	65	5.390042302933244	Clothing	South	2024-01-19	False	PayPal
554	33	96.27932509288293	Clothing	West	2024-01-16	False	PayPal
555	40	37.435541757666016	Books	North	2024-02-08	True	Debit
556	74	87.41223572252397	Books	North	2024-01-15	True	PayPal
557	43	17.717769736565796	Home	West	2024-01-21	False	Debit
558	44	91.61256487310735	Home	West	2024-01-17	False	Debit
559	29	74.10124306601989	Books	South	2024-02-10	False	Debit
560	13	13.07172423937386	Electronics	West	2024-02-29	False	PayPal
561	12	7.039893706900713	Books	North	2024-01-23	False	Debit
562	95	101.26824877174063	Clothing	North	2024-02-16	False	Debit
563	46	165.1626973778539	Books	North	2024-01-11	False	Credit
564	2	1.5901350530230518	Clothing	North	2024-01-24	False	Debit
565	35	65.70241850685534	Home	North	2024-01-13	False	Debit
566	87	120.1338152081115	Electronics	South	2024-01-17	False	Credit
567	81	97.37159755281533	Home	North	2024-02-09	False	Credit
568	90	166.93997162572975	Clothing	South	2024-03-05	False	PayPal
569	8	71.37542129908749	Clothing	North	2024-01-04	True	Debit
570	93	29.196593822032142	Clothing	East	2024-01-31	False	PayPal
571	26	18.694833111315713	Electronics	East	2024-01-27	False	PayPal
572	74	19.337767155934962	Books	East	2024-01-04	False	Credit
573	90	64.44435048029659	Home	East	2024-01-08	False	PayPal
574	34	68.48897664189364	Home	South	2024-01-12	False	Debit
575	7	11.179629077454432	Books	South	2024-01-06	False	Credit
576	68	101.2942097361333	Home	West	2024-01-09	False	Debit
577	58	62.74998043094888	Electronics	North	2024-01-10	False	Debit
578	75	41.36254099785069	Home	East	2024-01-13	False	Credit
579	29	31.888694743137364	Clothing	South	2024-02-11	False	Debit
580	36	39.17907198735981	Books	North	2024-01-26	False	Credit
581	89	8.672792971169416	Electronics	North	2024-05-08	False	Debit
582	21	11.389042428562423	Books	South	2024-01-17	False	Credit
583	36	4.779557936100744	Electronics	East	2024-02-12	False	PayPal
584	10	8.341589541770157	Clothing	West	2024-03-02	False	Debit
585	73	30.228767590918427	Books	North	2024-02-04	False	Credit
586	24	37.788844895504845	Home	West	2024-01-16	False	Debit
587	64	0.9011670746148438	Electronics	East	2024-02-12	False	Debit
588	99	79.67769368447051	Books	East	2024-01-07	False	Debit
589	49	17.418899618989634	Home	West	2024-01-12	False	Credit
590	99	121.42784795443993	Books	East	2024-01-24	False	PayPal
591	36	171.3430911224138	Books	North	2024-01-26	False	PayPal
592	82	10.256518035943477	Books	West	2024-01-01	False	PayPal
593	96	31.00387865139384	Electronics	East	2024-03-28	False	Credit
594	24	0.061629724950514206	Home	West	2024-02-05	False	PayPal
595	23	45.605880713029485	Clothing	North	2024-01-21	True	Credit
596	62	46.7362868930323	Electronics	East	2024-03-22	False	Debit
597	96	14.220369045807605	Electronics	North	2024-01-18	True	Debit
598	37	40.868974070191946	Electronics	East	2024-04-28	False	PayPal
599	12	12.779472530441813	Clothing	South	2024-01-22	False	Credit
600	55	8.76682857979046	Home	East	2024-01-04	False	Debit
601	13	52.70864545858744	Home	West	2024-02-13	False	Credit
602	23	19.720729328799564	Home	East	2024-02-04	False	Credit
603	89	44.6121039980764	Books	North	2024-02-14	False	Debit
604	99	28.391562667283814	Books	North	2024-03-31	False	Credit
605	30	207.8687147968963	Books	East	2024-02-14	True	Debit
606	17	8.101284479650461	Clothing	West	2024-01-29	False	Debit
607	62	31.236926337421195	Books	South	2024-02-28	False	Debit
608	84	57.043112981724654	Clothing	West	2024-02-03	False	Credit
609	89	25.17140960775739	Home	South	2024-01-16	False	Debit
610	86	183.8472514176179	Books	North	2024-03-06	False	Credit
611	13	63.986501543732686	Books	West	2024-01-08	False	Debit
612	59	53.49888852147061	Electronics	South	2024-02-07	False	Debit
613	19	70.74688825123027	Clothing	East	2024-03-05	False	PayPal
614	49	152.50798480309297	Home	North	2024-02-09	False	PayPal
615	12	119.19987394578291	Electronics	East	2024-02-05	False	PayPal
616	61	64.41943365114817	Electronics	North	2024-02-11	False	Credit
617	19	69.14732638890246	Home	West	2024-01-19	False	Credit
618	76	7.88664205770127	Electronics	West	2024-03-03	False	Debit
619	9	5.423400529065474	Clothing	North	2024-01-07	False	Debit
620	71	42.30378892016971	Clothing	North	2024-01-05	False	Debit
621	28	0.9269208213473842	Books	North	2024-01-11	False	Debit
622	78	32.92341343866761	Electronics	West	2024-01-23	False	Credit
623	95	11.808246884112913	Books	South	2024-01-22	True	Debit
624	52	21.233663031804674	Electronics	East	2024-02-21	False	Debit
625	83	74.76189458200628	Clothing	East	2024-01-16	False	PayPal
626	16	141.71257273285937	Clothing	West	2024-01-20	False	Debit
627	69	3.7586107978187373	Clothing	East	2024-01-01	True	Debit
628	99	38.2044767645183	Electronics	North	2024-01-16	False	Debit
629	12	107.0800985856394	Clothing	South	2024-02-01	True	Credit
630	25	4.305600046954757	Electronics	East	2024-01-01	False	PayPal
631	52	87.00981392888653	Books	South	2024-01-10	False	Debit
632	85	22.14288004616273	Electronics	North	2024-01-07	False	Debit
633	53	19.43738397936561	Books	East	2024-01-02	False	PayPal
634	23	189.6373571513603	Electronics	West	2024-01-20	False	Debit
635	16	11.210899532267273	Books	South	2024-01-07	False	Credit
636	57	59.07697300419647	Clothing	North	2024-02-10	False	Debit
637	39	86.1417338456845	Books	South	2024-02-26	False	Credit
638	53	2.102778131761097	Clothing	East	2024-01-24	False	Credit
639	42	55.49156814248434	Clothing	East	2024-04-30	False	Debit
640	58	151.36112056718423	Books	West	2024-01-18	False	PayPal
641	39	6.6320161574184935	Electronics	North	2024-01-22	False	Credit
642	14	113.27472787460466	Electronics	North	2024-05-15	False	PayPal
643	95	45.16584256266324	Home	West	2024-01-08	False	Debit
644	5	47.93441995241752	Electronics	West	2024-03-26	False	Credit
645	35	47.459317268113146	Home	North	2024-01-02	False	Debit
646	87	17.750665285318835	Electronics	South	2024-01-18	False	PayPal
647	93	136.82388449484273	Electronics	South	2024-01-03	False	Debit
648	75	147.20489136775367	Clothing	West	2024-02-09	False	Debit
649	18	49.082100522339076	Home	South	2024-01-29	False	Credit
650	76	76.49039355823119	Electronics	North	2024-02-06	False	Debit
651	9	47.370753628788364	Home	East	2024-01-15	False	Debit
652	74	33.121049850507845	Clothing	East	2024-01-14	False	Debit
653	58	54.061234392354585	Clothing	South	2024-01-02	False	Credit
654	17	40.25999670101439	Home	West	2024-01-13	False	PayPal
655	7	45.50001076526209	Clothing	West	2024-03-20	False	PayPal
656	46	76.58509779845045	Books	West	2024-01-15	False	Debit
657	13	32.783305856101585	Books	West	2024-02-23	False	Credit
658	40	2.080391519402756	Clothing	West	2024-02-25	False	Debit
659	42	8.956302253583395	Books	South	2024-01-15	False	PayPal
660	9	28.866723479465232	Electronics	East	2024-01-30	False	Credit
661	50	64.51768443753606	Home	East	2024-01-04	False	PayPal
662	27	44.98134837974978	Electronics	South	2024-01-04	False	PayPal
663	66	52.5331504504997	Home	West	2024-01-02	False	Credit
664	5	32.62703760694319	Clothing	South	2024-01-27	True	Credit
665	29	47.82205670521317	Electronics	East	2024-01-17	False	Debit
666	37	19.95060650747145	Clothing	North	2024-01-24	False	Debit
667	38	31.761142315837038	Clothing	South	2024-01-23	False	PayPal
668	83	68.1834264537001	Home	West	2024-01-13	False	Credit
669	8	102.72097267033276	Home	East	2024-02-03	False	Credit
670	65	28.427621775352605	Home	East	2024-02-12	False	Debit
671	86	2.232175700583107	Electronics	East	2024-01-01	True	PayPal
672	17	8.817324802584135	Books	East	2024-01-07	False	PayPal
673	71	1.0540903587693935	Home	West	2024-02-07	False	Debit
674	89	52.95943834793938	Home	North	2024-01-15	False	Credit
675	45	20.196910621977455	Electronics	East	2024-02-02	False	Debit
676	4	39.09658487378546	Home	South	2024-01-13	True	Debit
677	36	33.989523670658656	Electronics	North	2024-01-15	False	Debit
678	70	4.252110737818362	Clothing	East	2024-01-06	False	Debit
679	31	25.81380261375532	Home	North	2024-01-09	False	Credit
680	19	12.459050455518744	Home	South	2024-01-28	False	Debit
681	61	27.098599469958007	Clothing	East	2024-01-18	False	Credit
682	54	11.38132174332213	Clothing	South	2024-02-14	False	Debit
683	39	91.77065040097916	Clothing	West	2024-02-27	False	PayPal
684	91	9.56972982561957	Home	East	2024-01-24	False	Credit
685	74	161.929125984198	Books	East	2024-02-12	False	PayPal
686	90	26.884784456063382	Books	East	2024-01-11	False	Debit
687	19	93.6198375875005	Books	East	2024-01-17	False	Debit
688	39	49.545975201063754	Home	West	2024-02-07	False	Debit
689	67	66.4674104604933	Clothing	East	2024-01-15	True	Credit
690	45	72.9914238662515	Home	North	2024-01-27	False	PayPal
691	13	35.14420977952237	Clothing	East	2024-01-07	False	Credit
692	92	39.18648523795948	Home	West	2024-01-28	False	Credit
693	58	36.076907633330286	Home	East	2024-02-29	False	Debit
694	20	44.34368170328028	Clothing	North	2024-03-01	True	PayPal
695	92	1.4917559771428233	Books	West	2024-02-08	False	Debit
696	72	25.168935205616854	Clothing	West	2024-02-11	False	Credit
697	61	46.59417264277954	Electronics	North	2024-01-25	False	Debit
698	39	45.53078890339211	Electronics	North	2024-01-27	False	PayPal
699	1	78.74122024265337	Clothing	North	2024-01-05	True	Debit
700	3	53.21189656978634	Home	North	2024-01-18	False	PayPal
701	77	242.25593477684973	Electronics	North	2024-01-18	True	PayPal
702	92	16.693598016195015	Electronics	West	2024-04-05	False	Debit
703	62	22.248073276357854	Home	West	2024-01-17	False	Credit
704	63	24.21301080715245	Home	East	2024-01-24	False	Debit
705	25	31.35044763992727	Books	East	2024-01-23	False	Credit
706	56	90.3938522507747	Home	South	2024-01-31	False	Credit
707	33	13.445769925508591	Clothing	East	2024-02-11	False	Debit
708	38	74.80550756964173	Clothing	East	2024-01-08	False	Credit
709	6	25.985766273974427	Books	North	2024-01-23	False	Credit
710	58	46.04699910314765	Electronics	North	2024-02-22	True	Debit
711	44	50.05711304527403	Electronics	East	2024-01-19	False	Debit
712	45	23.328367974565346	Home	South	2024-01-10	False	Debit
713	32	35.935066742135184	Clothing	North	2024-02-01	False	Credit
714	45	26.639178449656427	Electronics	East	2024-02-22	False	PayPal
715	61	3.581931968013957	Books	East	2024-01-02	False	Credit
716	47	28.73847287197837	Books	West	2024-02-14	False	PayPal
717	21	5.123423557842979	Clothing	South	2024-02-21	False	Debit
718	80	25.961441524250645	Books	West	2024-01-19	False	PayPal
719	85	44.9370810910768	Books	South	2024-05-02	False	Debit
720	75	43.30542201813103	Clothing	North	2024-02-16	False	Debit
721	36	54.327458922967594	Home	South	2024-02-14	False	PayPal
722	99	5.0054668052405695	Home	East	2024-02-11	True	Debit
723	19	52.79535078790178	Books	East	2024-01-05	True	PayPal
724	20	18.709083144702483	Home	South	2024-01-08	False	Debit
725	57	25.4618398424363	Home	South	2024-01-19	False	Credit
726	18	97.59157113523962	Books	South	2024-01-10	False	Credit
727	47	0.4535712687307108	Home	West	2024-01-17	False	Debit
728	49	44.38669843703153	Books	South	2024-03-06	False	Debit
729	14	45.65404196730056	Electronics	North	2024-02-22	False	PayPal
730	15	25.263701151527624	Clothing	West	2024-01-30	False	Credit
731	31	13.526687916789617	Clothing	West	2024-02-28	False	PayPal
732	1	13.372672106601275	Home	South	2024-02-15	False	Debit
733	54	107.58326835153566	Home	North	2024-01-17	False	Debit
734	3	29.171999908464596	Home	West	2024-01-07	False	PayPal
735	16	20.09029279146637	Clothing	East	2024-01-22	False	Debit
736	87	29.780843701399213	Electronics	West	2024-02-09	False	Credit
737	57	55.340853015922065	Electronics	South	2024-01-18	False	PayPal
738	75	7.8769538459275505	Clothing	North	2024-02-02	False	Credit
739	12	29.840406984712487	Electronics	South	2024-01-03	False	Credit
740	74	44.322565818175256	Clothing	East	2024-02-11	False	Credit
741	96	148.38966616846105	Electronics	East	2024-02-20	False	PayPal
742	16	14.552907053203606	Books	East	2024-02-06	False	Debit
743	72	22.255854049494946	Books	South	2024-04-12	False	Credit
744	76	23.850090165982625	Clothing	West	2024-02-22	False	Credit
745	24	46.51164337212133	Electronics	South	2024-03-11	False	Credit
746	28	22.059696388321683	Home	North	2024-03-22	True	Debit
747	8	38.12614111824427	Electronics	West	2024-02-18	False	Debit
748	92	76.11494443573562	Books	East	2024-02-03	False	PayPal
749	36	61.1043938163183	Books	South	2024-01-01	True	Debit
750	90	29.562812032381693	Electronics	East	2024-01-19	False	PayPal
751	8	99.83455998148455	Electronics	East	2024-01-26	True	PayPal
752	58	40.838137701516516	Home	North	2024-01-11	False	PayPal
753	60	38.81620568560968	Home	West	2024-01-12	False	PayPal
754	50	1.7392919170521337	Electronics	North	2024-04-07	False	PayPal
755	28	215.97317951466928	Electronics	North	2024-03-07	True	Credit
756	92	6.5607500782424975	Electronics	North	2024-02-26	False	Debit
757	41	13.141728059780164	Electronics	East	2024-01-16	False	Credit
758	64	2.654051795517058	Clothing	North	2024-01-01	False	PayPal
759	27	51.08297443897948	Electronics	North	2024-01-03	False	Debit
760	63	12.725337292257766	Home	West	2024-01-12	False	Credit
761	17	9.923183371506022	Books	West	2024-01-01	True	Credit
762	73	4.636233388431654	Clothing	North	2024-01-01	False	PayPal
763	33	5.452195503016298	Electronics	West	2024-03-15	True	Credit
764	84	43.934179024553785	Books	West	2024-02-06	False	Credit
765	77	58.270927497944584	Clothing	North	2024-01-12	False	Credit
766	92	25.323339238152514	Books	East	2024-01-05	False	Credit
767	29	32.68642834875013	Electronics	North	2024-01-22	False	Credit
768	13	57.912977335296254	Electronics	West	2024-01-01	False	PayPal
769	46	0.8766295883366856	Home	East	2024-03-24	False	PayPal
770	35	19.51385094455138	Electronics	South	2024-01-17	True	Credit
771	6	180.77726405106134	Electronics	East	2024-01-16	False	PayPal
772	82	43.3883908486633	Clothing	West	2024-01-15	False	PayPal
773	69	14.666538477032493	Home	East	2024-01-03	False	Debit
774	47	36.878997495707125	Clothing	North	2024-01-31	False	Credit
775	25	20.977199209552058	Books	South	2024-02-09	False	PayPal
776	66	37.99053002631322	Electronics	South	2024-02-03	False	PayPal
777	10	6.718959698564275	Books	South	2024-01-05	False	Credit
778	56	7.119361867023427	Clothing	West	2024-01-26	False	Debit
779	30	7.747521095750982	Electronics	West	2024-01-26	False	Credit
780	5	140.5205875136392	Electronics	South	2024-03-01	False	Debit
781	33	66.00640546175586	Clothing	East	2024-01-15	False	Credit
782	65	8.859650196338142	Clothing	South	2024-01-14	False	Credit
783	18	10.434246868592965	Clothing	East	2024-01-29	False	Credit
784	96	65.62050889055683	Clothing	East	2024-01-31	False	Credit
785	49	8.4898466066157	Clothing	West	2024-01-20	False	Debit
786	11	13.365306838166912	Electronics	East	2024-01-18	False	Debit
787	85	165.31277187386547	Clothing	South	2024-01-21	False	PayPal
788	26	14.739129392840134	Electronics	West	2024-02-29	False	Credit
789	63	54.18111269216672	Electronics	North	2024-01-19	True	Debit
790	89	192.29137274111892	Clothing	North	2024-03-25	False	Debit
791	86	23.44395446008198	Clothing	West	2024-01-22	False	Debit
792	59	0.8835605528874256	Home	South	2024-03-30	False	Credit
793	27	13.99543751925928	Electronics	North	2024-02-23	False	PayPal
794	49	88.85650747552809	Clothing	North	2024-01-14	False	Debit
795	77	99.97935893973221	Clothing	East	2024-02-29	False	Credit
796	33	73.16295285027378	Clothing	East	2024-01-04	True	Debit
797	98	6.001705694702275	Home	South	2024-03-18	False	Debit
798	99	79.36190110636366	Home	West	2024-01-30	False	PayPal
799	1	125.46681000012076	Books	South	2024-01-02	False	Debit
800	21	45.89078752448708	Electronics	West	2024-02-01	False	Debit
801	55	141.40537295238246	Books	North	2024-04-19	False	Credit
802	6	87.67664049293909	Clothing	East	2024-01-03	False	Credit
803	92	54.976362904886265	Home	South	2024-01-25	False	PayPal
804	81	43.041055384767915	Home	South	2024-02-11	False	Credit
805	69	21.429548104529	Books	West	2024-02-19	True	Credit
806	95	8.675273362881017	Home	West	2024-01-17	False	PayPal
807	5	46.43764347339551	Clothing	South	2024-01-07	False	Debit
808	3	19.144460143622556	Home	West	2024-01-02	False	PayPal
809	53	100.65972436869899	Books	South	2024-01-27	True	Credit
810	23	250.55880220347234	Clothing	South	2024-01-19	False	PayPal
811	53	69.80264356693631	Books	South	2024-03-30	False	Debit
812	37	4.742007754950054	Home	North	2024-01-02	False	PayPal
813	74	17.032037327091054	Books	West	2024-02-04	False	Credit
814	74	5.776695129496891	Books	East	2024-01-01	False	Credit
815	83	52.56425224392765	Electronics	East	2024-01-06	False	PayPal
816	17	72.44911422208654	Home	West	2024-01-19	False	Debit
817	85	129.96528173490495	Home	South	2024-01-19	False	PayPal
818	78	28.828007116682304	Books	East	2024-02-04	False	Debit
819	73	115.8218543142947	Electronics	East	2024-03-13	False	Debit
820	1	105.14212464814206	Home	West	2024-01-31	False	PayPal
821	51	19.077350751864763	Clothing	East	2024-04-02	False	Debit
822	45	101.58998298501902	Books	South	2024-03-05	False	Credit
823	77	23.553990556627372	Home	West	2024-01-27	False	PayPal
824	4	17.61062253874521	Clothing	South	2024-02-23	False	Debit
825	62	52.35908906293584	Home	East	2024-01-31	False	Credit
826	65	19.903220141843235	Clothing	East	2024-01-03	False	PayPal
827	32	49.74083086146443	Books	South	2024-02-10	True	Credit
828	34	47.0588682437837	Home	North	2024-01-03	False	Credit
829	92	41.441349952653574	Home	East	2024-01-28	False	Credit
830	95	23.935648624143287	Electronics	North	2024-02-06	False	Debit
831	72	39.7589644814002	Books	East	2024-01-03	True	PayPal
832	39	45.37713971811075	Clothing	North	2024-01-08	False	PayPal
833	26	39.448432286920266	Home	North	2024-03-15	False	Debit
834	34	29.387084043303936	Home	North	2024-01-29	False	PayPal
835	54	0.7387840886311178	Clothing	South	2024-01-09	False	Credit
836	3	44.22285552521822	Books	North	2024-02-05	False	PayPal
837	50	9.222854880508601	Electronics	North	2024-01-28	False	Debit
838	12	51.44162199905477	Electronics	North	2024-01-21	False	Credit
839	65	71.21940568454932	Home	East	2024-04-22	False	Debit
840	54	34.70190978287546	Clothing	North	2024-02-04	False	Credit
841	5	39.08402193077336	Home	East	2024-01-15	False	Credit
842	94	151.2874754989924	Clothing	North	2024-02-18	True	PayPal
843	94	93.92059107385423	Electronics	North	2024-03-05	False	Credit
844	57	122.80809784594796	Books	South	2024-01-05	False	Debit
845	17	84.03764398058456	Clothing	East	2024-01-07	False	PayPal
846	47	5.765960397586376	Electronics	North	2024-01-08	False	Debit
847	23	8.066679025089348	Home	East	2024-02-05	False	Credit
848	79	37.393242600299644	Clothing	East	2024-01-28	False	Debit
849	85	14.122765045786897	Books	West	2024-01-29	True	Debit
850	14	32.379585933621506	Home	South	2024-03-25	False	Credit
851	66	25.073915964070874	Home	South	2024-02-14	False	PayPal
852	75	39.860342515402145	Electronics	South	2024-01-05	False	Debit
853	51	68.69373351519472	Clothing	West	2024-01-13	False	Credit
854	38	62.84950324698799	Home	West	2024-01-18	True	PayPal
855	64	36.827179770137654	Books	South	2024-01-16	True	PayPal
856	98	86.40921964501865	Clothing	West	2024-02-03	False	PayPal
857	38	28.181625217110355	Books	West	2024-03-07	False	Debit
858	50	113.51281229122729	Home	West	2024-01-11	False	Debit
859	98	3.697413786725595	Books	South	2024-01-25	False	Debit
860	82	154.67831481524954	Electronics	South	2024-02-16	False	PayPal
861	30	53.16608191938465	Books	South	2024-01-17	False	Debit
862	79	23.907799193492412	Clothing	West	2024-01-06	False	Credit
863	91	10.979626095241859	Books	South	2024-01-20	False	Debit
864	51	32.617849353852485	Books	West	2024-01-02	False	Debit
865	63	10.818224258781948	Electronics	North	2024-03-26	False	PayPal
866	98	9.09597834472463	Books	West	2024-01-03	False	Debit
867	52	48.03195692397008	Books	East	2024-01-18	False	Credit
868	38	37.020821176917444	Home	South	2024-01-23	False	PayPal
869	97	55.44768404234725	Home	South	2024-05-06	False	Credit
870	88	132.68227527055504	Clothing	East	2024-01-06	False	PayPal
871	79	37.99215745521797	Home	West	2024-01-04	False	PayPal
872	30	43.48611040782828	Home	North	2024-01-01	False	Debit
873	51	4.695007371889947	Home	East	2024-01-06	False	Credit
874	81	63.227875101620576	Home	East	2024-01-07	False	PayPal
875	5	25.533382379257247	Electronics	West	2024-01-30	False	Debit
876	29	188.01928549514474	Home	South	2024-01-08	False	PayPal
877	4	86.62945844824675	Electronics	West	2024-01-01	False	PayPal
878	10	36.95757070620985	Electronics	East	2024-02-22	False	PayPal
879	56	6.575110022678466	Home	East	2024-01-14	True	PayPal
880	17	98.09743168286303	Books	South	2024-01-14	False	PayPal
881	74	80.4171994053831	Electronics	South	2024-01-11	False	PayPal
882	17	10.202912587356423	Books	South	2024-04-21	False	Debit
883	84	17.497614529076568	Books	West	2024-01-06	False	PayPal
884	88	78.8502927158306	Home	South	2024-03-09	False	Credit
885	69	10.242375377276261	Clothing	East	2024-02-14	False	Debit
886	34	124.90110766381977	Home	East	2024-01-03	True	Credit
887	6	27.62818532553218	Clothing	North	2024-05-09	False	PayPal
888	53	4.5531037320119445	Clothing	West	2024-01-10	False	Credit
889	66	84.57271928417575	Home	North	2024-01-04	False	PayPal
890	77	23.381098026651685	Home	East	2024-02-23	False	PayPal
891	43	37.38008322323492	Clothing	North	2024-02-06	False	Debit
892	75	5.956316246409841	Home	East	2024-01-29	False	Debit
893	23	0.12936795868905346	Clothing	North	2024-01-06	False	PayPal
894	55	50.80351000085616	Books	South	2024-01-20	False	Debit
895	80	36.198381461511666	Home	North	2024-02-15	False	Credit
896	95	45.01331177437549	Books	South	2024-01-11	False	Debit
897	75	78.93182189374771	Electronics	South	2024-01-12	False	Debit
898	16	52.008572609090656	Books	West	2024-01-01	False	Credit
899	8	9.604865779624584	Books	South	2024-01-06	False	Debit
900	4	22.374744641187647	Clothing	South	2024-03-03	False	PayPal
901	4	118.16513537520603	Books	North	2024-01-18	True	Credit
902	56	73.47177826350682	Home	East	2024-05-04	False	PayPal
903	25	40.668328102783256	Clothing	West	2024-01-16	False	Credit
904	67	14.761860223420397	Electronics	South	2024-02-07	False	PayPal
905	96	17.981142941150203	Home	West	2024-01-10	False	PayPal
906	67	65.83059232389124	Electronics	North	2024-01-14	False	Debit
907	27	95.2489596701079	Books	South	2024-01-07	True	PayPal
908	93	55.649457542455615	Home	North	2024-01-13	False	Debit
909	32	82.91302249559308	Home	West	2024-01-24	True	Credit
910	50	72.7621049384993	Electronics	North	2024-05-24	False	PayPal
911	61	8.108535856946071	Home	West	2024-02-02	True	PayPal
912	51	27.5775905980706	Home	North	2024-01-07	False	Credit
913	19	8.30177295814924	Home	West	2024-01-02	False	Credit
914	21	13.409372328634547	Books	East	2024-01-05	False	PayPal
915	5	101.72708949222253	Electronics	North	2024-01-25	False	Credit
916	82	32.01748763258207	Home	North	2024-02-13	True	Debit
917	92	38.32441407862795	Clothing	East	2024-03-25	False	Credit
918	42	9.827878396286534	Clothing	East	2024-01-01	False	Credit
919	61	18.718077847921343	Clothing	North	2024-01-23	False	PayPal
920	22	13.084225725304172	Clothing	East	2024-01-20	False	Debit
921	21	11.545315467750648	Books	South	2024-02-02	False	Credit
922	70	50.80013836320112	Home	West	2024-01-25	True	Debit
923	1	14.845145880362379	Electronics	West	2024-02-04	False	Debit
924	5	49.985721163794224	Home	West	2024-02-02	False	Debit
925	12	3.0116363053964443	Books	South	2024-01-04	False	PayPal
926	90	7.6444134725470905	Clothing	East	2024-02-18	False	Credit
927	46	16.047484634542077	Books	East	2024-01-04	False	PayPal
928	34	45.44675714543461	Home	North	2024-02-05	False	Credit
929	49	56.32609494473467	Electronics	East	2024-01-17	True	Credit
930	78	29.23410147385877	Books	North	2024-01-22	False	PayPal
931	90	29.510662646293433	Electronics	South	2024-03-11	False	Debit
932	45	64.46144094305377	Books	West	2024-03-07	False	Debit
933	27	0.7973790572623913	Electronics	West	2024-02-21	False	Credit
934	73	20.85841807555955	Electronics	West	2024-01-22	False	PayPal
935	26	85.3820543535613	Clothing	East	2024-02-09	False	Debit
936	47	46.2185910818133	Electronics	North	2024-01-22	False	Debit
937	86	20.5661465416431	Clothing	North	2024-03-02	False	Credit
938	56	117.97089157989451	Home	South	2024-01-16	False	Credit
939	94	74.05723237343535	Home	East	2024-04-15	False	PayPal
940	63	15.387127061408787	Clothing	South	2024-03-21	False	Credit
941	48	51.82271333564202	Clothing	North	2024-02-10	True	Debit
942	61	45.28617909298847	Books	North	2024-01-10	False	Debit
943	81	25.64037215023586	Books	West	2024-01-05	False	Debit
944	26	22.860773705125176	Books	East	2024-02-27	False	Debit
945	36	21.046235321465517	Home	North	2024-01-06	False	PayPal
946	1	48.00635588515437	Books	West	2024-02-27	False	PayPal
947	8	29.206561989094325	Electronics	East	2024-01-21	False	Credit
948	99	89.14884146375068	Electronics	South	2024-01-16	False	Credit
949	52	55.37295777238304	Books	East	2024-03-11	False	Credit
950	79	3.624857664550684	Electronics	East	2024-01-28	False	PayPal
951	47	51.10593225784038	Home	North	2024-01-26	False	Debit
952	56	15.814190614197415	Electronics	North	2024-01-25	True	Credit
953	86	44.92401316150505	Home	East	2024-01-14	False	Debit
954	14	56.99233264496768	Clothing	North	2024-02-16	False	Credit
955	90	13.122110670282314	Clothing	North	2024-01-09	False	Credit
956	28	30.51928352111501	Clothing	North	2024-03-24	False	Credit
957	87	10.55610884862699	Clothing	West	2024-03-08	True	Credit
958	78	2.687915227119363	Electronics	West	2024-01-13	False	Credit
959	88	23.779071694653325	Books	East	2024-02-09	False	Debit
960	2	22.544907095423937	Electronics	North	2024-01-26	False	Credit
961	26	269.96759269600494	Home	West	2024-01-13	False	Debit
962	14	29.561340378452478	Electronics	East	2024-05-14	False	PayPal
963	59	20.29097475520596	Electronics	North	2024-01-01	False	Credit
964	56	43.431608805255046	Home	South	2024-01-09	False	Debit
965	7	4.647854201277945	Clothing	North	2024-01-23	False	PayPal
966	3	163.07055800710407	Clothing	North	2024-01-23	True	PayPal
967	23	50.38742336281254	Clothing	West	2024-01-27	False	PayPal
968	18	70.29176640053994	Books	East	2024-02-11	False	Debit
969	38	9.345278658497893	Home	East	2024-01-30	True	Credit
970	99	26.337406927651795	Home	West	2024-01-28	False	Credit
971	15	27.468717965010413	Electronics	North	2024-01-02	False	Debit
972	64	86.24424628301742	Books	South	2024-01-15	False	Credit
973	89	0.06187225394291127	Clothing	North	2024-01-08	False	Debit
974	28	17.89472067042037	Books	North	2024-01-10	True	Credit
975	74	198.79175444241866	Home	South	2024-01-25	False	PayPal
976	39	32.2070466065598	Home	West	2024-01-07	True	Credit
977	57	24.105938524263873	Electronics	East	2024-01-11	False	Debit
978	17	6.381953724886684	Electronics	West	2024-01-09	True	Debit
979	86	182.80053712919943	Home	West	2024-03-29	False	PayPal
980	90	1.0114800740512961	Clothing	North	2024-03-27	False	Debit
981	44	66.8143373946901	Clothing	East	2024-01-29	False	Credit
982	25	73.1803310306161	Books	East	2024-03-18	False	Credit
983	17	13.962996329240148	Home	West	2024-02-16	False	PayPal
984	13	55.669818371370006	Home	South	2024-01-27	False	Debit
985	84	4.87673555288127	Clothing	West	2024-01-01	False	PayPal
986	25	14.856142597174896	Clothing	South	2024-02-14	False	Credit
987	68	77.53533958853458	Home	East	2024-02-06	False	PayPal
988	10	100.00793472836082	Electronics	West	2024-01-29	True	Debit
989	67	46.88675291518414	Home	North	2024-02-12	False	PayPal
990	18	35.3459217063664	Home	West	2024-01-22	False	Debit
991	86	8.676259165905039	Clothing	East	2024-02-06	False	Debit
992	34	3.2594183763215807	Clothing	North	2024-03-23	False	Credit
993	8	6.258268761326533	Electronics	North	2024-01-15	False	Credit
994	40	12.896928123753321	Electronics	South	2024-02-06	False	Credit
995	83	20.902789600071262	Books	North	2024-01-20	False	Debit
996	42	23.97519273186611	Home	North	2024-02-03	True	PayPal
997	41	21.257002474885592	Clothing	West	2024-02-13	False	Debit
998	6	13.65973168079004	Electronics	East	2024-01-02	False	Credit
999	52	35.63936422186178	Books	South	2024-02-01	False	Credit
1000	26	87.23027735804484	Books	West	2024-01-08	False	PayPal
